<?xml version="1.0" encoding="UTF-8" standalone="yes"?>
<addon id="repository.aperron.kodi-addons-repo" name="aperron's repo" version="1.0.1" provider-name="aperron">
        <extension point="xbmc.addon.repository" name="aperron's addons">
                <info compressed="false">https://raw.github.com/aperron/kodi-addons-repo/master/build/addons.xml</info>
                <checksum>https://raw.github.com/aperron/kodi-addons-repo/master/build/addons.xml.md5</checksum>
                <datadir zip="true">https://raw.github.com/aperron/kodi-addons-repo/master/build</datadir>
        </extension>
        <extension point="xbmc.addon.metadata">
                <summary>Custom repo to list your Kodi's addon on github. See on github aperron/kodi-addons-repo</summary>
                <description>fork aperron/kodi-addons-repo on github. Generate repo addon zip and install on your kodi. Modify file github_repos.csv with your favorite addons. Addons by aperron</description>
                <disclaimer></disclaimer>
                <platform>all</platform>
        </extension>
</addon>

