<?xml version="1.0" encoding="UTF-8" standalone="yes"?>
<addon id="repository.aperron.aperron-kodi-addons-repo" name="aperron's repo" version="1.0.1" provider-name="aperron">
        <extension point="xbmc.addon.repository" name="aperron's addons">
                <info compressed="false">https://raw.github.com/aperron/aperron-kodi-addons-repo/master/build/addons.xml</info>
                <checksum>https://raw.github.com/aperron/aperron-kodi-addons-repo/master/build/addons.xml.md5</checksum>
                <datadir zip="true">https://raw.github.com/aperron/aperron-kodi-addons-repo/master/build</datadir>
        </extension>
        <extension point="xbmc.addon.metadata">
                <summary>aperron-kodi-addons-repo</summary>
                <description>Addons by aperron</description>
                <disclaimer></disclaimer>
                <platform>all</platform>
        </extension>
</addon>

